{
  "name": "Lerntutoren",
  "uniqid": "ext.zwiebelgasse.lerntutoren",
  "version": "7",

  "requiredVersion": "1.4.0",

  "menu": {
    "categorie": "1",
    "icon": "fa fa-graduation-cap",
    "params": ""
  },

  "adminGroupName": "Admin_Ext_Lerntutoren",
  "aclGroupName": "ext_lerntutoren",

  "widgets": [
    {
      "title": "Header Counter",
      "uniqid": "lerntutoren.counter",
      "position": "header",
      "class": "extLerntutorenWidgetCounter",
      "params": {}
    }
  ],

  "submenu": [
    {
      "title": "Verfügbare Lerntutoren",
      "icon": "fa fa-graduation-cap",
      "url": {
        "page": "ext_lerntutoren",
        "params": {}
      }
    },
    {
      "title": "Meine Lernangebote",
      "icon": "fa fa-user",
      "url": {
        "page": "ext_lerntutoren",
        "params": {
          "view": "myslots"
        }
      }
    },
    {
      "title": "Lernangebot hinzufügen",
      "icon": "fa fa-plus-circle",
      "url": {
        "page": "ext_lerntutoren",
        "params": {
          "view": "form"
        }
      }
    },

    {
      "admin": true,
      "title": "Einstellungen",
      "icon": "fa fa-cog",
      "url": {
        "page": "ext_lerntutoren",
        "params": {
          "view": "settings",
          "admin": "true"
        }
      }
    },
    {
      "admin": true,
      "title": "Übersicht",
      "icon": "fa fa-graduation-cap",
      "url": {
        "page": "ext_lerntutoren",
        "params": {
          "view": "custom",
          "admin": "true"
        }
      }
    }
  ]

}